-- MySQL dump 10.13  Distrib 5.1.58, for portbld-freebsd5.4 (i386)
--
-- Host: localhost    Database: tictacwhoa
-- ------------------------------------------------------
-- Server version	5.1.50-log

/*!40101 SET @OLD_CHARACTER_SET_CLIENT=@@CHARACTER_SET_CLIENT */;
/*!40101 SET @OLD_CHARACTER_SET_RESULTS=@@CHARACTER_SET_RESULTS */;
/*!40101 SET @OLD_COLLATION_CONNECTION=@@COLLATION_CONNECTION */;
/*!40101 SET NAMES utf8 */;
/*!40103 SET @OLD_TIME_ZONE=@@TIME_ZONE */;
/*!40103 SET TIME_ZONE='+00:00' */;
/*!40014 SET @OLD_UNIQUE_CHECKS=@@UNIQUE_CHECKS, UNIQUE_CHECKS=0 */;
/*!40014 SET @OLD_FOREIGN_KEY_CHECKS=@@FOREIGN_KEY_CHECKS, FOREIGN_KEY_CHECKS=0 */;
/*!40101 SET @OLD_SQL_MODE=@@SQL_MODE, SQL_MODE='NO_AUTO_VALUE_ON_ZERO' */;
/*!40111 SET @OLD_SQL_NOTES=@@SQL_NOTES, SQL_NOTES=0 */;

--
-- Table structure for table `game`
--

DROP TABLE IF EXISTS `game`;
/*!40101 SET @saved_cs_client     = @@character_set_client */;
/*!40101 SET character_set_client = utf8 */;
CREATE TABLE `game` (
  `id` int(15) NOT NULL AUTO_INCREMENT,
  `player1_id` int(15) NOT NULL,
  `player1_score` varchar(250) NOT NULL,
  `player2_id` int(15) NOT NULL,
  `player2_score` varchar(250) NOT NULL DEFAULT '',
  `player_up` int(15) NOT NULL DEFAULT '0',
  `created` datetime NOT NULL,
  `state` varchar(30) NOT NULL DEFAULT 'in progress',
  `winner` int(15) NOT NULL,
  `game` text,
  `last_move` varchar(25) NOT NULL,
  `last_moved` timestamp NOT NULL DEFAULT CURRENT_TIMESTAMP ON UPDATE CURRENT_TIMESTAMP,
  PRIMARY KEY (`id`)
) ENGINE=MyISAM AUTO_INCREMENT=36 DEFAULT CHARSET=utf8;
/*!40101 SET character_set_client = @saved_cs_client */;

--
-- Dumping data for table `game`
--

LOCK TABLES `game` WRITE;
/*!40000 ALTER TABLE `game` DISABLE KEYS */;
INSERT INTO `game` VALUES (1,2,'',11,'',0,'2017-01-15 13:46:57','in progress',0,'{\"game\":{\"10\":\"\",\"11\":\"\",\"12\":\"\",\"20\":\"\",\"21\":\"\",\"22\":\"\",\"00\":\"\",\"01\":\"\",\"02\":\"\"},\"games\":{\"game00\":{\"game0000\":\"\",\"game0001\":\"\",\"game0002\":\"\",\"game0010\":\"\",\"game0011\":\"\",\"game0012\":\"\",\"game0020\":\"\",\"game0021\":\"\",\"game0022\":\"\"},\"game01\":{\"game0100\":\"\",\"game0101\":\"\",\"game0102\":\"\",\"game0110\":\"\",\"game0111\":\"\",\"game0112\":\"\",\"game0120\":\"\",\"game0121\":\"\",\"game0122\":\"\"},\"game02\":{\"game0200\":\"\",\"game0201\":\"\",\"game0202\":\"\",\"game0210\":\"\",\"game0211\":\"\",\"game0212\":\"\",\"game0220\":\"\",\"game0221\":\"\",\"game0222\":\"\"},\"game10\":{\"game1000\":\"\",\"game1001\":\"\",\"game1002\":\"\",\"game1010\":\"\",\"game1011\":\"\",\"game1012\":\"\",\"game1020\":\"\",\"game1021\":\"\",\"game1022\":\"\"},\"game11\":{\"game1100\":\"\",\"game1101\":\"\",\"game1102\":\"\",\"game1110\":\"\",\"game1111\":\"\",\"game1112\":\"\",\"game1120\":\"\",\"game1121\":\"\",\"game1122\":\"\"},\"game12\":{\"game1200\":\"\",\"game1201\":\"\",\"game1202\":\"\",\"game1210\":\"\",\"game1211\":\"\",\"game1212\":\"\",\"game1220\":\"\",\"game1221\":\"\",\"game1222\":\"\"},\"game20\":{\"game2000\":\"\",\"game2001\":\"\",\"game2002\":\"\",\"game2010\":\"\",\"game2011\":\"\",\"game2012\":\"\",\"game2020\":\"\",\"game2021\":\"\",\"game2022\":\"\"},\"game21\":{\"game2100\":\"\",\"game2101\":\"\",\"game2102\":\"\",\"game2110\":\"\",\"game2111\":\"\",\"game2112\":\"\",\"game2120\":\"\",\"game2121\":\"\",\"game2122\":\"\"},\"game22\":{\"game2200\":\"\",\"game2201\":\"\",\"game2202\":\"\",\"game2210\":\"\",\"game2211\":\"\",\"game2212\":\"\",\"game2220\":\"\",\"game2221\":\"\",\"game2222\":\"\"}}}','','2017-01-17 08:35:36'),(2,16,'',11,'',0,'2017-01-15 13:47:16','in progress',0,'{\"game\":{\"10\":\"\",\"11\":\"\",\"12\":\"\",\"20\":\"\",\"21\":\"\",\"22\":\"\",\"00\":\"\",\"01\":\"\",\"02\":\"\"},\"games\":{\"game00\":{\"game0000\":\"\",\"game0001\":\"\",\"game0002\":\"\",\"game0010\":\"\",\"game0011\":\"\",\"game0012\":\"\",\"game0020\":\"\",\"game0021\":\"\",\"game0022\":\"\"},\"game01\":{\"game0100\":\"\",\"game0101\":\"\",\"game0102\":\"\",\"game0110\":\"\",\"game0111\":\"\",\"game0112\":\"\",\"game0120\":\"\",\"game0121\":\"\",\"game0122\":\"\"},\"game02\":{\"game0200\":\"\",\"game0201\":\"\",\"game0202\":\"\",\"game0210\":\"\",\"game0211\":\"\",\"game0212\":\"\",\"game0220\":\"\",\"game0221\":\"\",\"game0222\":\"\"},\"game10\":{\"game1000\":\"\",\"game1001\":\"\",\"game1002\":\"\",\"game1010\":\"\",\"game1011\":\"\",\"game1012\":\"\",\"game1020\":\"\",\"game1021\":\"\",\"game1022\":\"\"},\"game11\":{\"game1100\":\"\",\"game1101\":\"\",\"game1102\":\"\",\"game1110\":\"\",\"game1111\":\"\",\"game1112\":\"\",\"game1120\":\"\",\"game1121\":\"\",\"game1122\":\"\"},\"game12\":{\"game1200\":\"\",\"game1201\":\"\",\"game1202\":\"\",\"game1210\":\"\",\"game1211\":\"\",\"game1212\":\"\",\"game1220\":\"\",\"game1221\":\"\",\"game1222\":\"\"},\"game20\":{\"game2000\":\"\",\"game2001\":\"\",\"game2002\":\"\",\"game2010\":\"\",\"game2011\":\"\",\"game2012\":\"\",\"game2020\":\"\",\"game2021\":\"\",\"game2022\":\"\"},\"game21\":{\"game2100\":\"\",\"game2101\":\"\",\"game2102\":\"\",\"game2110\":\"\",\"game2111\":\"\",\"game2112\":\"\",\"game2120\":\"\",\"game2121\":\"\",\"game2122\":\"\"},\"game22\":{\"game2200\":\"\",\"game2201\":\"\",\"game2202\":\"\",\"game2210\":\"\",\"game2211\":\"\",\"game2212\":\"\",\"game2220\":\"\",\"game2221\":\"\",\"game2222\":\"\"}}}','','2017-01-17 08:35:36'),(3,11,'',15,'',1,'2017-01-15 16:33:30','In Progress',0,'{\"game\":{\"10\":\"\",\"11\":\"\",\"12\":\"\",\"20\":\"\",\"21\":\"\",\"22\":\"\",\"00\":\"\",\"01\":\"\",\"02\":\"\"},\"games\":{\"game00\":{\"game0000\":\"\",\"game0001\":\"\",\"game0002\":\"\",\"game0010\":\"\",\"game0011\":\"\",\"game0012\":\"\",\"game0020\":\"\",\"game0021\":\"\",\"game0022\":\"\"},\"game01\":{\"game0100\":\"\",\"game0101\":\"\",\"game0102\":\"\",\"game0110\":\"\",\"game0111\":\"\",\"game0112\":\"\",\"game0120\":\"\",\"game0121\":\"\",\"game0122\":\"\"},\"game02\":{\"game0200\":\"\",\"game0201\":\"\",\"game0202\":\"\",\"game0210\":\"\",\"game0211\":\"\",\"game0212\":\"\",\"game0220\":\"\",\"game0221\":\"\",\"game0222\":\"\"},\"game10\":{\"game1000\":\"\",\"game1001\":\"\",\"game1002\":\"\",\"game1010\":\"\",\"game1011\":\"\",\"game1012\":\"\",\"game1020\":\"\",\"game1021\":\"\",\"game1022\":\"\"},\"game11\":{\"game1100\":\"\",\"game1101\":\"\",\"game1102\":\"\",\"game1110\":\"\",\"game1111\":\"\",\"game1112\":\"\",\"game1120\":\"X\",\"game1121\":\"\",\"game1122\":\"\"},\"game12\":{\"game1200\":\"\",\"game1201\":\"\",\"game1202\":\"\",\"game1210\":\"\",\"game1211\":\"\",\"game1212\":\"\",\"game1220\":\"\",\"game1221\":\"\",\"game1222\":\"\"},\"game20\":{\"game2000\":\"\",\"game2001\":\"\",\"game2002\":\"\",\"game2010\":\"\",\"game2011\":\"\",\"game2012\":\"\",\"game2020\":\"\",\"game2021\":\"\",\"game2022\":\"\"},\"game21\":{\"game2100\":\"\",\"game2101\":\"\",\"game2102\":\"\",\"game2110\":\"\",\"game2111\":\"\",\"game2112\":\"\",\"game2120\":\"\",\"game2121\":\"\",\"game2122\":\"\"},\"game22\":{\"game2200\":\"\",\"game2201\":\"\",\"game2202\":\"\",\"game2210\":\"\",\"game2211\":\"\",\"game2212\":\"\",\"game2220\":\"\",\"game2221\":\"\",\"game2222\":\"\"}}}','game1120','2017-01-18 11:37:51'),(4,2,'',11,'',0,'2017-01-16 20:32:36','in progress',0,'{\"game\":{\"10\":\"\",\"11\":\"\",\"12\":\"\",\"20\":\"\",\"21\":\"\",\"22\":\"\",\"00\":\"\",\"01\":\"\",\"02\":\"\"},\"games\":{\"game00\":{\"game0000\":\"\",\"game0001\":\"\",\"game0002\":\"\",\"game0010\":\"\",\"game0011\":\"\",\"game0012\":\"\",\"game0020\":\"\",\"game0021\":\"\",\"game0022\":\"\"},\"game01\":{\"game0100\":\"\",\"game0101\":\"\",\"game0102\":\"\",\"game0110\":\"\",\"game0111\":\"\",\"game0112\":\"\",\"game0120\":\"\",\"game0121\":\"\",\"game0122\":\"\"},\"game02\":{\"game0200\":\"\",\"game0201\":\"\",\"game0202\":\"\",\"game0210\":\"\",\"game0211\":\"\",\"game0212\":\"\",\"game0220\":\"\",\"game0221\":\"\",\"game0222\":\"\"},\"game10\":{\"game1000\":\"\",\"game1001\":\"\",\"game1002\":\"\",\"game1010\":\"\",\"game1011\":\"\",\"game1012\":\"\",\"game1020\":\"\",\"game1021\":\"\",\"game1022\":\"\"},\"game11\":{\"game1100\":\"\",\"game1101\":\"\",\"game1102\":\"\",\"game1110\":\"\",\"game1111\":\"\",\"game1112\":\"\",\"game1120\":\"\",\"game1121\":\"\",\"game1122\":\"\"},\"game12\":{\"game1200\":\"\",\"game1201\":\"\",\"game1202\":\"\",\"game1210\":\"\",\"game1211\":\"\",\"game1212\":\"\",\"game1220\":\"\",\"game1221\":\"\",\"game1222\":\"\"},\"game20\":{\"game2000\":\"\",\"game2001\":\"\",\"game2002\":\"\",\"game2010\":\"\",\"game2011\":\"\",\"game2012\":\"\",\"game2020\":\"\",\"game2021\":\"\",\"game2022\":\"\"},\"game21\":{\"game2100\":\"\",\"game2101\":\"\",\"game2102\":\"\",\"game2110\":\"\",\"game2111\":\"\",\"game2112\":\"\",\"game2120\":\"\",\"game2121\":\"\",\"game2122\":\"\"},\"game22\":{\"game2200\":\"\",\"game2201\":\"\",\"game2202\":\"\",\"game2210\":\"\",\"game2211\":\"\",\"game2212\":\"\",\"game2220\":\"\",\"game2221\":\"\",\"game2222\":\"\"}}}','','2017-01-17 08:35:36'),(5,12,'',11,'',0,'2017-01-17 00:19:18','in progress',0,'{\"game\":{\"10\":\"\",\"11\":\"\",\"12\":\"\",\"20\":\"\",\"21\":\"\",\"22\":\"\",\"00\":\"\",\"01\":\"\",\"02\":\"\"},\"games\":{\"game00\":{\"game0000\":\"\",\"game0001\":\"\",\"game0002\":\"\",\"game0010\":\"\",\"game0011\":\"\",\"game0012\":\"\",\"game0020\":\"\",\"game0021\":\"\",\"game0022\":\"\"},\"game01\":{\"game0100\":\"\",\"game0101\":\"\",\"game0102\":\"\",\"game0110\":\"\",\"game0111\":\"\",\"game0112\":\"\",\"game0120\":\"\",\"game0121\":\"\",\"game0122\":\"\"},\"game02\":{\"game0200\":\"\",\"game0201\":\"\",\"game0202\":\"\",\"game0210\":\"\",\"game0211\":\"\",\"game0212\":\"\",\"game0220\":\"\",\"game0221\":\"\",\"game0222\":\"\"},\"game10\":{\"game1000\":\"\",\"game1001\":\"\",\"game1002\":\"\",\"game1010\":\"\",\"game1011\":\"\",\"game1012\":\"\",\"game1020\":\"\",\"game1021\":\"\",\"game1022\":\"\"},\"game11\":{\"game1100\":\"\",\"game1101\":\"\",\"game1102\":\"\",\"game1110\":\"\",\"game1111\":\"\",\"game1112\":\"\",\"game1120\":\"\",\"game1121\":\"\",\"game1122\":\"\"},\"game12\":{\"game1200\":\"\",\"game1201\":\"\",\"game1202\":\"\",\"game1210\":\"\",\"game1211\":\"\",\"game1212\":\"\",\"game1220\":\"\",\"game1221\":\"\",\"game1222\":\"\"},\"game20\":{\"game2000\":\"\",\"game2001\":\"\",\"game2002\":\"\",\"game2010\":\"\",\"game2011\":\"\",\"game2012\":\"\",\"game2020\":\"\",\"game2021\":\"\",\"game2022\":\"\"},\"game21\":{\"game2100\":\"\",\"game2101\":\"\",\"game2102\":\"\",\"game2110\":\"\",\"game2111\":\"\",\"game2112\":\"\",\"game2120\":\"\",\"game2121\":\"\",\"game2122\":\"\"},\"game22\":{\"game2200\":\"\",\"game2201\":\"\",\"game2202\":\"\",\"game2210\":\"\",\"game2211\":\"\",\"game2212\":\"\",\"game2220\":\"\",\"game2221\":\"\",\"game2222\":\"\"}}}','','2017-01-17 08:35:36'),(20,12,'',11,'',0,'2017-01-17 06:47:08','in progress',0,'{\"game\":{\"10\":\"\",\"11\":\"O\",\"12\":\"\",\"20\":\"O\",\"21\":\"O\",\"22\":\"\",\"00\":\"\",\"01\":\"\",\"02\":\"\"},\"games\":{\"game00\":{\"game0000\":\"\",\"game0001\":\"\",\"game0002\":\"\",\"game0010\":\"\",\"game0011\":\"X\",\"game0012\":\"\",\"game0020\":\"\",\"game0021\":\"X\",\"game0022\":\"\"},\"game01\":{\"game0100\":\"\",\"game0101\":\"\",\"game0102\":\"\",\"game0110\":\"\",\"game0111\":\"\",\"game0112\":\"\",\"game0120\":\"O\",\"game0121\":\"O\",\"game0122\":\"O\"},\"game02\":{\"game0200\":\"\",\"game0201\":\"\",\"game0202\":\"\",\"game0210\":\"\",\"game0211\":\"X\",\"game0212\":\"\",\"game0220\":\"\",\"game0221\":\"\",\"game0222\":\"\"},\"game10\":{\"game1000\":\"\",\"game1001\":\"\",\"game1002\":\"\",\"game1010\":\"\",\"game1011\":\"X\",\"game1012\":\"\",\"game1020\":\"\",\"game1021\":\"\",\"game1022\":\"\"},\"game11\":{\"game1100\":\"O\",\"game1101\":\"\",\"game1102\":\"\",\"game1110\":\"O\",\"game1111\":\"X\",\"game1112\":\"\",\"game1120\":\"O\",\"game1121\":\"\",\"game1122\":\"\"},\"game12\":{\"game1200\":\"\",\"game1201\":\"\",\"game1202\":\"\",\"game1210\":\"\",\"game1211\":\"\",\"game1212\":\"\",\"game1220\":\"\",\"game1221\":\"X\",\"game1222\":\"\"},\"game20\":{\"game2000\":\"\",\"game2001\":\"X\",\"game2002\":\"O\",\"game2010\":\"\",\"game2011\":\"O\",\"game2012\":\"\",\"game2020\":\"O\",\"game2021\":\"\",\"game2022\":\"\"},\"game21\":{\"game2100\":\"O\",\"game2101\":\"\",\"game2102\":\"\",\"game2110\":\"\",\"game2111\":\"O\",\"game2112\":\"\",\"game2120\":\"X\",\"game2121\":\"\",\"game2122\":\"O\"},\"game22\":{\"game2200\":\"\",\"game2201\":\"X\",\"game2202\":\"\",\"game2210\":\"\",\"game2211\":\"\",\"game2212\":\"\",\"game2220\":\"\",\"game2221\":\"\",\"game2222\":\"\"}}}','game0122','2017-01-18 11:40:55'),(21,2,'',11,'',0,'2017-01-17 12:13:10','in progress',0,'{\"game\":{\"10\":\"\",\"11\":\"\",\"12\":\"\",\"20\":\"\",\"21\":\"\",\"22\":\"\",\"00\":\"\",\"01\":\"\",\"02\":\"\"},\"games\":{\"game00\":{\"game0000\":\"\",\"game0001\":\"\",\"game0002\":\"\",\"game0010\":\"\",\"game0011\":\"\",\"game0012\":\"\",\"game0020\":\"\",\"game0021\":\"\",\"game0022\":\"\"},\"game01\":{\"game0100\":\"\",\"game0101\":\"\",\"game0102\":\"\",\"game0110\":\"\",\"game0111\":\"\",\"game0112\":\"\",\"game0120\":\"\",\"game0121\":\"\",\"game0122\":\"\"},\"game02\":{\"game0200\":\"\",\"game0201\":\"\",\"game0202\":\"\",\"game0210\":\"\",\"game0211\":\"\",\"game0212\":\"\",\"game0220\":\"\",\"game0221\":\"\",\"game0222\":\"\"},\"game10\":{\"game1000\":\"\",\"game1001\":\"\",\"game1002\":\"\",\"game1010\":\"\",\"game1011\":\"\",\"game1012\":\"\",\"game1020\":\"\",\"game1021\":\"\",\"game1022\":\"\"},\"game11\":{\"game1100\":\"\",\"game1101\":\"\",\"game1102\":\"\",\"game1110\":\"\",\"game1111\":\"X\",\"game1112\":\"\",\"game1120\":\"\",\"game1121\":\"\",\"game1122\":\"O\"},\"game12\":{\"game1200\":\"\",\"game1201\":\"\",\"game1202\":\"\",\"game1210\":\"\",\"game1211\":\"\",\"game1212\":\"\",\"game1220\":\"\",\"game1221\":\"\",\"game1222\":\"\"},\"game20\":{\"game2000\":\"\",\"game2001\":\"\",\"game2002\":\"\",\"game2010\":\"\",\"game2011\":\"\",\"game2012\":\"\",\"game2020\":\"\",\"game2021\":\"\",\"game2022\":\"\"},\"game21\":{\"game2100\":\"\",\"game2101\":\"\",\"game2102\":\"\",\"game2110\":\"\",\"game2111\":\"\",\"game2112\":\"\",\"game2120\":\"\",\"game2121\":\"\",\"game2122\":\"\"},\"game22\":{\"game2200\":\"\",\"game2201\":\"\",\"game2202\":\"\",\"game2210\":\"\",\"game2211\":\"\",\"game2212\":\"\",\"game2220\":\"\",\"game2221\":\"\",\"game2222\":\"\"}}}','game1122','2017-01-17 20:15:36'),(22,16,'',11,'',0,'2017-01-17 12:41:45','in progress',0,'{\"game\":{\"10\":\"\",\"11\":\"O\",\"12\":\"\",\"20\":\"\",\"21\":\"\",\"22\":\"\",\"00\":\"\",\"01\":\"\",\"02\":\"\"},\"games\":{\"game00\":{\"game0000\":\"\",\"game0001\":\"\",\"game0002\":\"\",\"game0010\":\"\",\"game0011\":\"X\",\"game0012\":\"\",\"game0020\":\"\",\"game0021\":\"\",\"game0022\":\"\"},\"game01\":{\"game0100\":\"\",\"game0101\":\"\",\"game0102\":\"\",\"game0110\":\"\",\"game0111\":\"\",\"game0112\":\"\",\"game0120\":\"\",\"game0121\":\"\",\"game0122\":\"\"},\"game02\":{\"game0200\":\"\",\"game0201\":\"\",\"game0202\":\"\",\"game0210\":\"\",\"game0211\":\"\",\"game0212\":\"\",\"game0220\":\"\",\"game0221\":\"\",\"game0222\":\"\"},\"game10\":{\"game1000\":\"\",\"game1001\":\"\",\"game1002\":\"\",\"game1010\":\"O\",\"game1011\":\"O\",\"game1012\":\"O\",\"game1020\":\"\",\"game1021\":\"\",\"game1022\":\"\"},\"game11\":{\"game1100\":\"\",\"game1101\":\"\",\"game1102\":\"\",\"game1110\":\"\",\"game1111\":\"X\",\"game1112\":\"\",\"game1120\":\"O\",\"game1121\":\"O\",\"game1122\":\"O\"},\"game12\":{\"game1200\":\"\",\"game1201\":\"\",\"game1202\":\"\",\"game1210\":\"\",\"game1211\":\"\",\"game1212\":\"\",\"game1220\":\"\",\"game1221\":\"\",\"game1222\":\"\"},\"game20\":{\"game2000\":\"\",\"game2001\":\"\",\"game2002\":\"\",\"game2010\":\"\",\"game2011\":\"X\",\"game2012\":\"\",\"game2020\":\"\",\"game2021\":\"\",\"game2022\":\"\"},\"game21\":{\"game2100\":\"\",\"game2101\":\"\",\"game2102\":\"\",\"game2110\":\"\",\"game2111\":\"X\",\"game2112\":\"\",\"game2120\":\"\",\"game2121\":\"\",\"game2122\":\"\"},\"game22\":{\"game2200\":\"\",\"game2201\":\"\",\"game2202\":\"\",\"game2210\":\"\",\"game2211\":\"X\",\"game2212\":\"\",\"game2220\":\"\",\"game2221\":\"\",\"game2222\":\"\"}}}','game1012','2017-01-18 11:38:31'),(23,11,'',17,'',1,'2017-01-17 13:25:41','in progress',0,'{\"game\":{\"10\":\"\",\"11\":\"O\",\"12\":\"\",\"20\":\"X\",\"21\":\"O\",\"22\":\"\",\"00\":\"X\",\"01\":\"\",\"02\":\"\"},\"games\":{\"game00\":{\"game0000\":\"O\",\"game0001\":\"\",\"game0002\":\"X\",\"game0010\":\"\",\"game0011\":\"X\",\"game0012\":\"\",\"game0020\":\"X\",\"game0021\":\"X\",\"game0022\":\"O\"},\"game01\":{\"game0100\":\"\",\"game0101\":\"\",\"game0102\":\"\",\"game0110\":\"\",\"game0111\":\"\",\"game0112\":\"\",\"game0120\":\"X\",\"game0121\":\"\",\"game0122\":\"O\"},\"game02\":{\"game0200\":\"X\",\"game0201\":\"\",\"game0202\":\"\",\"game0210\":\"\",\"game0211\":\"\",\"game0212\":\"\",\"game0220\":\"O\",\"game0221\":\"\",\"game0222\":\"\"},\"game10\":{\"game1000\":\"O\",\"game1001\":\"O\",\"game1002\":\"\",\"game1010\":\"\",\"game1011\":\"\",\"game1012\":\"\",\"game1020\":\"X\",\"game1021\":\"X\",\"game1022\":\"\"},\"game11\":{\"game1100\":\"X\",\"game1101\":\"\",\"game1102\":\"\",\"game1110\":\"O\",\"game1111\":\"O\",\"game1112\":\"O\",\"game1120\":\"\",\"game1121\":\"\",\"game1122\":\"\"},\"game12\":{\"game1200\":\"\",\"game1201\":\"\",\"game1202\":\"\",\"game1210\":\"\",\"game1211\":\"\",\"game1212\":\"\",\"game1220\":\"X\",\"game1221\":\"O\",\"game1222\":\"\"},\"game20\":{\"game2000\":\"O\",\"game2001\":\"\",\"game2002\":\"\",\"game2010\":\"X\",\"game2011\":\"X\",\"game2012\":\"X\",\"game2020\":\"O\",\"game2021\":\"O\",\"game2022\":\"X\"},\"game21\":{\"game2100\":\"O\",\"game2101\":\"O\",\"game2102\":\"O\",\"game2110\":\"\",\"game2111\":\"\",\"game2112\":\"\",\"game2120\":\"\",\"game2121\":\"X\",\"game2122\":\"\"},\"game22\":{\"game2200\":\"X\",\"game2201\":\"\",\"game2202\":\"\",\"game2210\":\"X\",\"game2211\":\"O\",\"game2212\":\"\",\"game2220\":\"X\",\"game2221\":\"\",\"game2222\":\"\"}}}','game2200','2017-01-19 02:00:27'),(34,12,'',11,'',0,'2017-01-19 20:45:51','in progress',0,'{\"game\":{\"10\":\"\",\"11\":\"\",\"12\":\"\",\"20\":\"\",\"21\":\"\",\"22\":\"\",\"00\":\"\",\"01\":\"\",\"02\":\"\"},\"games\":{\"game00\":{\"game0000\":\"\",\"game0001\":\"\",\"game0002\":\"\",\"game0010\":\"\",\"game0011\":\"\",\"game0012\":\"\",\"game0020\":\"\",\"game0021\":\"\",\"game0022\":\"\"},\"game01\":{\"game0100\":\"\",\"game0101\":\"\",\"game0102\":\"\",\"game0110\":\"\",\"game0111\":\"\",\"game0112\":\"\",\"game0120\":\"\",\"game0121\":\"\",\"game0122\":\"\"},\"game02\":{\"game0200\":\"\",\"game0201\":\"\",\"game0202\":\"\",\"game0210\":\"\",\"game0211\":\"\",\"game0212\":\"\",\"game0220\":\"\",\"game0221\":\"\",\"game0222\":\"\"},\"game10\":{\"game1000\":\"\",\"game1001\":\"\",\"game1002\":\"\",\"game1010\":\"\",\"game1011\":\"\",\"game1012\":\"\",\"game1020\":\"\",\"game1021\":\"\",\"game1022\":\"\"},\"game11\":{\"game1100\":\"\",\"game1101\":\"\",\"game1102\":\"\",\"game1110\":\"\",\"game1111\":\"\",\"game1112\":\"\",\"game1120\":\"\",\"game1121\":\"\",\"game1122\":\"X\"},\"game12\":{\"game1200\":\"\",\"game1201\":\"\",\"game1202\":\"\",\"game1210\":\"\",\"game1211\":\"\",\"game1212\":\"\",\"game1220\":\"\",\"game1221\":\"\",\"game1222\":\"\"},\"game20\":{\"game2000\":\"\",\"game2001\":\"\",\"game2002\":\"\",\"game2010\":\"\",\"game2011\":\"\",\"game2012\":\"\",\"game2020\":\"\",\"game2021\":\"\",\"game2022\":\"\"},\"game21\":{\"game2100\":\"\",\"game2101\":\"\",\"game2102\":\"\",\"game2110\":\"\",\"game2111\":\"\",\"game2112\":\"\",\"game2120\":\"\",\"game2121\":\"\",\"game2122\":\"\"},\"game22\":{\"game2200\":\"O\",\"game2201\":\"\",\"game2202\":\"\",\"game2210\":\"\",\"game2211\":\"\",\"game2212\":\"\",\"game2220\":\"\",\"game2221\":\"\",\"game2222\":\"\"}}}','game2200','2017-01-20 04:46:12'),(33,12,'',11,'',0,'2017-01-19 20:40:29','in progress',0,'{\"games\":{\"game11\":{\"game1112\":\"O\"}}}','game1112','2017-01-20 04:40:35'),(35,12,'',11,'',0,'2017-01-19 21:01:54','in progress',0,'{\"game\":{\"10\":\"\",\"11\":\"\",\"12\":\"\",\"20\":\"\",\"21\":\"\",\"22\":\"\",\"00\":\"\",\"01\":\"\",\"02\":\"\"},\"games\":{\"game00\":{\"game0000\":\"\",\"game0001\":\"\",\"game0002\":\"\",\"game0010\":\"\",\"game0011\":\"\",\"game0012\":\"\",\"game0020\":\"\",\"game0021\":\"\",\"game0022\":\"\"},\"game01\":{\"game0100\":\"\",\"game0101\":\"\",\"game0102\":\"\",\"game0110\":\"\",\"game0111\":\"\",\"game0112\":\"\",\"game0120\":\"\",\"game0121\":\"\",\"game0122\":\"\"},\"game02\":{\"game0200\":\"\",\"game0201\":\"\",\"game0202\":\"\",\"game0210\":\"\",\"game0211\":\"\",\"game0212\":\"\",\"game0220\":\"\",\"game0221\":\"\",\"game0222\":\"\"},\"game10\":{\"game1000\":\"\",\"game1001\":\"\",\"game1002\":\"\",\"game1010\":\"\",\"game1011\":\"\",\"game1012\":\"\",\"game1020\":\"\",\"game1021\":\"\",\"game1022\":\"\"},\"game11\":{\"game1100\":\"\",\"game1101\":\"\",\"game1102\":\"\",\"game1110\":\"\",\"game1111\":\"\",\"game1112\":\"\",\"game1120\":\"\",\"game1121\":\"\",\"game1122\":\"\"},\"game12\":{\"game1200\":\"\",\"game1201\":\"\",\"game1202\":\"\",\"game1210\":\"\",\"game1211\":\"\",\"game1212\":\"\",\"game1220\":\"\",\"game1221\":\"\",\"game1222\":\"\"},\"game20\":{\"game2000\":\"\",\"game2001\":\"\",\"game2002\":\"\",\"game2010\":\"\",\"game2011\":\"\",\"game2012\":\"\",\"game2020\":\"\",\"game2021\":\"\",\"game2022\":\"\"},\"game21\":{\"game2100\":\"\",\"game2101\":\"\",\"game2102\":\"\",\"game2110\":\"\",\"game2111\":\"\",\"game2112\":\"\",\"game2120\":\"\",\"game2121\":\"\",\"game2122\":\"\"},\"game22\":{\"game2200\":\"\",\"game2201\":\"\",\"game2202\":\"\",\"game2210\":\"\",\"game2211\":\"\",\"game2212\":\"\",\"game2220\":\"\",\"game2221\":\"\",\"game2222\":\"\"}}}','','2017-01-20 05:01:54'),(28,17,'',11,'',0,'2017-01-17 13:29:03','in progress',0,'{\"game\":{\"10\":\"\",\"11\":\"\",\"12\":\"\",\"20\":\"\",\"21\":\"\",\"22\":\"\",\"00\":\"\",\"01\":\"\",\"02\":\"\"},\"games\":{\"game00\":{\"game0000\":\"\",\"game0001\":\"\",\"game0002\":\"\",\"game0010\":\"\",\"game0011\":\"\",\"game0012\":\"\",\"game0020\":\"\",\"game0021\":\"\",\"game0022\":\"\"},\"game01\":{\"game0100\":\"\",\"game0101\":\"\",\"game0102\":\"\",\"game0110\":\"\",\"game0111\":\"\",\"game0112\":\"\",\"game0120\":\"\",\"game0121\":\"\",\"game0122\":\"\"},\"game02\":{\"game0200\":\"\",\"game0201\":\"\",\"game0202\":\"\",\"game0210\":\"\",\"game0211\":\"\",\"game0212\":\"\",\"game0220\":\"\",\"game0221\":\"\",\"game0222\":\"\"},\"game10\":{\"game1000\":\"\",\"game1001\":\"\",\"game1002\":\"\",\"game1010\":\"\",\"game1011\":\"\",\"game1012\":\"\",\"game1020\":\"\",\"game1021\":\"\",\"game1022\":\"\"},\"game11\":{\"game1100\":\"\",\"game1101\":\"\",\"game1102\":\"\",\"game1110\":\"\",\"game1111\":\"\",\"game1112\":\"\",\"game1120\":\"\",\"game1121\":\"\",\"game1122\":\"\"},\"game12\":{\"game1200\":\"\",\"game1201\":\"\",\"game1202\":\"\",\"game1210\":\"\",\"game1211\":\"\",\"game1212\":\"\",\"game1220\":\"\",\"game1221\":\"\",\"game1222\":\"\"},\"game20\":{\"game2000\":\"\",\"game2001\":\"\",\"game2002\":\"\",\"game2010\":\"\",\"game2011\":\"\",\"game2012\":\"\",\"game2020\":\"\",\"game2021\":\"\",\"game2022\":\"\"},\"game21\":{\"game2100\":\"\",\"game2101\":\"\",\"game2102\":\"\",\"game2110\":\"\",\"game2111\":\"\",\"game2112\":\"\",\"game2120\":\"\",\"game2121\":\"\",\"game2122\":\"\"},\"game22\":{\"game2200\":\"\",\"game2201\":\"\",\"game2202\":\"\",\"game2210\":\"\",\"game2211\":\"\",\"game2212\":\"\",\"game2220\":\"\",\"game2221\":\"\",\"game2222\":\"\"}}}','','2017-01-17 21:29:03'),(29,18,'',11,'',1,'2017-01-18 18:14:34','in progress',0,'{\"game\":{\"10\":\"X\",\"11\":\"X\",\"12\":\"\",\"20\":\"X\",\"21\":\"\",\"22\":\"\",\"00\":\"O\",\"01\":\"\",\"02\":\"O\"},\"games\":{\"game00\":{\"game0000\":\"O\",\"game0001\":\"\",\"game0002\":\"X\",\"game0010\":\"\",\"game0011\":\"O\",\"game0012\":\"\",\"game0020\":\"\",\"game0021\":\"\",\"game0022\":\"O\"},\"game01\":{\"game0100\":\"\",\"game0101\":\"O\",\"game0102\":\"\",\"game0110\":\"O\",\"game0111\":\"X\",\"game0112\":\"X\",\"game0120\":\"\",\"game0121\":\"O\",\"game0122\":\"\"},\"game02\":{\"game0200\":\"\",\"game0201\":\"\",\"game0202\":\"\",\"game0210\":\"O\",\"game0211\":\"O\",\"game0212\":\"O\",\"game0220\":\"\",\"game0221\":\"\",\"game0222\":\"\"},\"game10\":{\"game1000\":\"\",\"game1001\":\"\",\"game1002\":\"\",\"game1010\":\"\",\"game1011\":\"O\",\"game1012\":\"\",\"game1020\":\"X\",\"game1021\":\"X\",\"game1022\":\"X\"},\"game11\":{\"game1100\":\"\",\"game1101\":\"\",\"game1102\":\"\",\"game1110\":\"X\",\"game1111\":\"X\",\"game1112\":\"X\",\"game1120\":\"O\",\"game1121\":\"\",\"game1122\":\"\"},\"game12\":{\"game1200\":\"\",\"game1201\":\"X\",\"game1202\":\"\",\"game1210\":\"O\",\"game1211\":\"X\",\"game1212\":\"O\",\"game1220\":\"O\",\"game1221\":\"X\",\"game1222\":\"X\"},\"game20\":{\"game2000\":\"X\",\"game2001\":\"X\",\"game2002\":\"X\",\"game2010\":\"\",\"game2011\":\"O\",\"game2012\":\"\",\"game2020\":\"X\",\"game2021\":\"\",\"game2022\":\"O\"},\"game21\":{\"game2100\":\"X\",\"game2101\":\"O\",\"game2102\":\"\",\"game2110\":\"\",\"game2111\":\"\",\"game2112\":\"\",\"game2120\":\"\",\"game2121\":\"O\",\"game2122\":\"X\"},\"game22\":{\"game2200\":\"X\",\"game2201\":\"X\",\"game2202\":\"\",\"game2210\":\"O\",\"game2211\":\"X\",\"game2212\":\"O\",\"game2220\":\"\",\"game2221\":\"\",\"game2222\":\"O\"}}}','game1201','2017-01-19 02:29:04'),(32,12,'',11,'',0,'2017-01-19 20:22:45','in progress',0,'{\"game\":{\"10\":\"\",\"11\":\"\",\"12\":\"\",\"20\":\"\",\"21\":\"\",\"22\":\"\",\"00\":\"\",\"01\":\"\",\"02\":\"\"},\"games\":{\"game00\":{\"game0000\":\"\",\"game0001\":\"\",\"game0002\":\"\",\"game0010\":\"\",\"game0011\":\"\",\"game0012\":\"\",\"game0020\":\"\",\"game0021\":\"\",\"game0022\":\"\"},\"game01\":{\"game0100\":\"\",\"game0101\":\"\",\"game0102\":\"\",\"game0110\":\"\",\"game0111\":\"\",\"game0112\":\"\",\"game0120\":\"\",\"game0121\":\"\",\"game0122\":\"\"},\"game02\":{\"game0200\":\"\",\"game0201\":\"\",\"game0202\":\"\",\"game0210\":\"\",\"game0211\":\"\",\"game0212\":\"\",\"game0220\":\"\",\"game0221\":\"\",\"game0222\":\"\"},\"game10\":{\"game1000\":\"\",\"game1001\":\"\",\"game1002\":\"\",\"game1010\":\"\",\"game1011\":\"\",\"game1012\":\"\",\"game1020\":\"\",\"game1021\":\"\",\"game1022\":\"\"},\"game11\":{\"game1100\":\"\",\"game1101\":\"\",\"game1102\":\"\",\"game1110\":\"\",\"game1111\":\"\",\"game1112\":\"\",\"game1120\":\"\",\"game1121\":\"\",\"game1122\":\"X\"},\"game12\":{\"game1200\":\"\",\"game1201\":\"\",\"game1202\":\"\",\"game1210\":\"\",\"game1211\":\"\",\"game1212\":\"\",\"game1220\":\"\",\"game1221\":\"\",\"game1222\":\"\"},\"game20\":{\"game2000\":\"\",\"game2001\":\"\",\"game2002\":\"\",\"game2010\":\"\",\"game2011\":\"\",\"game2012\":\"\",\"game2020\":\"\",\"game2021\":\"\",\"game2022\":\"\"},\"game21\":{\"game2100\":\"\",\"game2101\":\"\",\"game2102\":\"\",\"game2110\":\"\",\"game2111\":\"\",\"game2112\":\"\",\"game2120\":\"\",\"game2121\":\"\",\"game2122\":\"\"},\"game22\":{\"game2200\":\"O\",\"game2201\":\"\",\"game2202\":\"\",\"game2210\":\"\",\"game2211\":\"\",\"game2212\":\"\",\"game2220\":\"\",\"game2221\":\"\",\"game2222\":\"\"}}}','game2200','2017-01-20 04:36:57'),(31,15,'',11,'',0,'2017-01-18 22:19:15','in progress',0,'{\"game\":{\"10\":\"\",\"11\":\"\",\"12\":\"\",\"20\":\"\",\"21\":\"\",\"22\":\"\",\"00\":\"\",\"01\":\"\",\"02\":\"\"},\"games\":{\"game00\":{\"game0000\":\"\",\"game0001\":\"\",\"game0002\":\"\",\"game0010\":\"\",\"game0011\":\"\",\"game0012\":\"\",\"game0020\":\"\",\"game0021\":\"\",\"game0022\":\"\"},\"game01\":{\"game0100\":\"\",\"game0101\":\"\",\"game0102\":\"\",\"game0110\":\"\",\"game0111\":\"\",\"game0112\":\"\",\"game0120\":\"\",\"game0121\":\"\",\"game0122\":\"\"},\"game02\":{\"game0200\":\"\",\"game0201\":\"\",\"game0202\":\"\",\"game0210\":\"\",\"game0211\":\"\",\"game0212\":\"\",\"game0220\":\"\",\"game0221\":\"\",\"game0222\":\"\"},\"game10\":{\"game1000\":\"\",\"game1001\":\"\",\"game1002\":\"\",\"game1010\":\"\",\"game1011\":\"\",\"game1012\":\"\",\"game1020\":\"\",\"game1021\":\"\",\"game1022\":\"\"},\"game11\":{\"game1100\":\"\",\"game1101\":\"\",\"game1102\":\"\",\"game1110\":\"\",\"game1111\":\"\",\"game1112\":\"\",\"game1120\":\"\",\"game1121\":\"\",\"game1122\":\"\"},\"game12\":{\"game1200\":\"\",\"game1201\":\"\",\"game1202\":\"\",\"game1210\":\"\",\"game1211\":\"\",\"game1212\":\"\",\"game1220\":\"\",\"game1221\":\"\",\"game1222\":\"\"},\"game20\":{\"game2000\":\"\",\"game2001\":\"\",\"game2002\":\"\",\"game2010\":\"\",\"game2011\":\"\",\"game2012\":\"\",\"game2020\":\"\",\"game2021\":\"\",\"game2022\":\"\"},\"game21\":{\"game2100\":\"\",\"game2101\":\"\",\"game2102\":\"\",\"game2110\":\"\",\"game2111\":\"\",\"game2112\":\"\",\"game2120\":\"\",\"game2121\":\"\",\"game2122\":\"\"},\"game22\":{\"game2200\":\"\",\"game2201\":\"\",\"game2202\":\"\",\"game2210\":\"\",\"game2211\":\"\",\"game2212\":\"\",\"game2220\":\"\",\"game2221\":\"\",\"game2222\":\"\"}}}','','2017-01-19 06:19:15');
/*!40000 ALTER TABLE `game` ENABLE KEYS */;
UNLOCK TABLES;

--
-- Table structure for table `invite`
--

DROP TABLE IF EXISTS `invite`;
/*!40101 SET @saved_cs_client     = @@character_set_client */;
/*!40101 SET character_set_client = utf8 */;
CREATE TABLE `invite` (
  `id` int(25) NOT NULL AUTO_INCREMENT,
  `player1_id` int(25) NOT NULL,
  `player2_id` int(25) NOT NULL,
  `sent` tinyint(1) DEFAULT NULL,
  `accepted` tinyint(1) DEFAULT NULL,
  `created` datetime DEFAULT NULL,
  `last_modified` timestamp NOT NULL DEFAULT CURRENT_TIMESTAMP ON UPDATE CURRENT_TIMESTAMP,
  PRIMARY KEY (`id`)
) ENGINE=MyISAM AUTO_INCREMENT=16 DEFAULT CHARSET=utf8;
/*!40101 SET character_set_client = @saved_cs_client */;

--
-- Dumping data for table `invite`
--

LOCK TABLES `invite` WRITE;
/*!40000 ALTER TABLE `invite` DISABLE KEYS */;
INSERT INTO `invite` VALUES (11,11,17,NULL,NULL,'2017-01-18 18:01:16','2017-01-19 02:01:16'),(8,11,13,NULL,NULL,'2017-01-16 20:39:57','2017-01-17 04:39:57');
/*!40000 ALTER TABLE `invite` ENABLE KEYS */;
UNLOCK TABLES;

--
-- Table structure for table `move`
--

DROP TABLE IF EXISTS `move`;
/*!40101 SET @saved_cs_client     = @@character_set_client */;
/*!40101 SET character_set_client = utf8 */;
CREATE TABLE `move` (
  `id` int(25) NOT NULL AUTO_INCREMENT,
  `game_id` int(15) NOT NULL,
  `player` varchar(50) NOT NULL,
  `player_id` int(15) NOT NULL,
  `for_player_id` int(15) NOT NULL,
  `move` varchar(20) NOT NULL DEFAULT '',
  `mark` varchar(5) NOT NULL DEFAULT '',
  `moved` timestamp NOT NULL DEFAULT CURRENT_TIMESTAMP ON UPDATE CURRENT_TIMESTAMP,
  `created` datetime NOT NULL,
  `seen` tinyint(1) NOT NULL DEFAULT '0',
  PRIMARY KEY (`id`)
) ENGINE=MyISAM AUTO_INCREMENT=131 DEFAULT CHARSET=utf8;
/*!40101 SET character_set_client = @saved_cs_client */;

--
-- Dumping data for table `move`
--

LOCK TABLES `move` WRITE;
/*!40000 ALTER TABLE `move` DISABLE KEYS */;
INSERT INTO `move` VALUES (1,20,'0',12,11,'game1111','X','2017-01-17 14:55:10','2017-01-17 02:01:59',1),(5,20,'0',12,11,'game0011','X','2017-01-17 17:13:00','2017-01-17 06:56:07',1),(4,20,'1',11,12,'game1100','O','2017-01-17 14:54:55','2017-01-17 06:49:14',0),(6,20,'1',11,12,'game1110','O','2017-01-17 14:57:28','2017-01-17 06:57:28',0),(7,20,'0',12,11,'game1011','X','2017-01-17 18:17:24','2017-01-17 09:14:15',1),(8,20,'1',11,12,'game1120','O','2017-01-17 17:14:51','2017-01-17 09:14:51',0),(9,20,'0',12,11,'game1122','X','2017-01-17 18:17:31','2017-01-17 09:34:27',1),(10,20,'1',11,12,'game1120','O','2017-01-17 18:15:59','2017-01-17 09:43:45',0),(11,20,'1',11,12,'game2020','O','2017-01-17 18:20:08','2017-01-17 10:20:08',0),(12,20,'1',11,12,'game2010','O','2017-01-17 18:32:48','2017-01-17 10:32:48',0),(13,20,'1',11,12,'game2022','O','2017-01-17 18:35:14','2017-01-17 10:35:14',0),(14,21,'X',2,11,'game1111','X','2017-01-17 20:15:22','2017-01-17 12:15:10',1),(15,21,'1',11,2,'game1122','O','2017-01-17 20:15:36','2017-01-17 12:15:36',0),(16,22,'0',16,11,'game1111','X','2017-01-17 20:43:49','2017-01-17 12:43:32',1),(17,22,'1',11,16,'game1122','O','2017-01-17 20:46:03','2017-01-17 12:46:03',0),(18,22,'0',16,11,'game2211','X','2017-01-17 20:46:51','2017-01-17 12:46:51',1),(19,22,'1',11,16,'game1120','O','2017-01-17 20:47:09','2017-01-17 12:47:09',0),(20,22,'0',16,11,'game2011','X','2017-01-17 20:47:27','2017-01-17 12:47:26',1),(21,22,'1',11,16,'game1121','O','2017-01-17 20:47:34','2017-01-17 12:47:34',0),(22,22,'0',16,11,'game2111','X','2017-01-17 20:47:56','2017-01-17 12:47:54',1),(23,22,'1',11,16,'game1010','O','2017-01-17 20:48:06','2017-01-17 12:48:06',0),(24,22,'0',16,11,'game1011','X','2017-01-17 20:48:17','2017-01-17 12:48:15',1),(25,22,'0',16,11,'game0011','X','2017-01-18 11:38:02','2017-01-17 12:51:31',1),(26,23,'0',11,17,'game1100','X','2017-01-17 21:27:05','2017-01-17 13:26:08',1),(27,23,'1',17,11,'game0000','O','2017-01-17 21:27:06','2017-01-17 13:27:05',1),(28,23,'0',11,17,'game0020','X','2017-01-17 21:27:13','2017-01-17 13:27:12',1),(29,23,'1',17,11,'game2020','O','2017-01-17 21:27:32','2017-01-17 13:27:32',1),(30,23,'0',11,17,'game2010','X','2017-01-17 21:27:38','2017-01-17 13:27:36',1),(31,23,'1',17,11,'game1000','O','2017-01-17 21:27:57','2017-01-17 13:27:57',1),(32,23,'0',11,17,'game0021','X','2017-01-17 21:28:01','2017-01-17 13:28:00',1),(33,23,'1',17,11,'game2102','O','2017-01-17 21:28:12','2017-01-17 13:28:11',1),(34,23,'0',17,17,'game0200','X','2017-01-17 21:29:18','2017-01-17 13:29:08',1),(35,23,'1',17,11,'game0022','O','2017-01-17 21:29:37','2017-01-17 13:29:17',1),(36,23,'0',11,17,'game2210','X','2017-01-17 21:29:38','2017-01-17 13:29:36',1),(37,23,'1',17,11,'game1001','O','2017-01-17 21:29:51','2017-01-17 13:29:50',1),(38,23,'0',17,17,'game0102','X','2017-01-17 21:30:22','2017-01-17 13:30:22',0),(39,23,'0',11,17,'game0120','X','2017-01-17 21:30:30','2017-01-17 13:30:30',0),(40,23,'1',11,11,'game2000','O','2017-01-18 11:39:11','2017-01-17 13:30:33',1),(41,3,'0',11,15,'game1120','X','2017-01-18 11:37:51','2017-01-18 03:37:51',0),(42,22,'1',11,16,'game1011','O','2017-01-18 11:38:02','2017-01-18 03:38:02',0),(43,22,'1',11,16,'game1012','O','2017-01-18 11:38:31','2017-01-18 03:38:31',0),(44,23,'0',11,17,'game0011','X','2017-01-18 11:39:10','2017-01-18 03:39:10',0),(45,23,'1',11,11,'game1110','O','2017-01-18 11:39:17','2017-01-18 03:39:13',1),(46,23,'0',11,17,'game1021','X','2017-01-18 11:39:16','2017-01-18 03:39:16',0),(47,23,'1',11,11,'game2100','O','2017-01-18 11:39:19','2017-01-18 03:39:19',1),(48,23,'0',11,17,'game0002','X','2017-01-18 11:39:22','2017-01-18 03:39:22',0),(49,23,'1',11,11,'game0220','O','2017-01-18 11:39:44','2017-01-18 03:39:40',1),(50,23,'0',11,17,'game2011','X','2017-01-18 11:39:43','2017-01-18 03:39:43',0),(51,23,'1',11,11,'game1111','O','2017-01-18 11:39:48','2017-01-18 03:39:48',1),(52,23,'1',11,11,'game1112','O','2017-01-18 11:39:52','2017-01-18 03:39:52',1),(53,20,'1',11,12,'game2002','O','2017-01-18 11:40:01','2017-01-18 03:40:01',0),(54,20,'0',11,11,'game0211','X','2017-01-18 11:40:08','2017-01-18 03:40:04',1),(55,20,'1',11,12,'game2020','O','2017-01-18 11:40:07','2017-01-18 03:40:07',0),(56,20,'0',11,11,'game2001','X','2017-01-18 11:40:15','2017-01-18 03:40:11',1),(57,20,'1',11,12,'game0121','O','2017-01-18 11:40:15','2017-01-18 03:40:15',0),(58,20,'0',11,11,'game2120','X','2017-01-18 11:40:17','2017-01-18 03:40:17',1),(59,20,'1',11,12,'game2011','O','2017-01-18 11:40:19','2017-01-18 03:40:19',0),(60,20,'0',11,11,'game1221','X','2017-01-18 11:40:29','2017-01-18 03:40:25',1),(61,20,'1',11,12,'game2111','O','2017-01-18 11:40:28','2017-01-18 03:40:28',0),(62,20,'1',11,12,'game2100','O','2017-01-18 11:40:37','2017-01-18 03:40:37',0),(63,20,'0',11,11,'game0021','X','2017-01-18 11:40:39','2017-01-18 03:40:39',1),(64,20,'1',11,12,'game2122','O','2017-01-18 11:40:41','2017-01-18 03:40:41',0),(65,20,'0',11,11,'game2201','X','2017-01-18 11:40:46','2017-01-18 03:40:46',1),(66,20,'1',11,12,'game0120','O','2017-01-18 11:40:48','2017-01-18 03:40:48',0),(67,20,'0',11,11,'game0011','X','2017-01-18 11:40:56','2017-01-18 03:40:52',1),(68,20,'1',11,12,'game0122','O','2017-01-18 11:40:55','2017-01-18 03:40:55',0),(69,23,'0',11,17,'game1220','X','2017-01-18 11:42:14','2017-01-18 03:42:14',0),(70,23,'1',11,11,'game2021','O','2017-01-18 11:42:23','2017-01-18 03:42:19',1),(71,23,'0',11,17,'game2121','X','2017-01-18 11:42:23','2017-01-18 03:42:23',0),(72,23,'1',11,11,'game2101','O','2017-01-18 11:42:31','2017-01-18 03:42:28',1),(73,23,'0',11,17,'game0122','X','2017-01-18 11:42:31','2017-01-18 03:42:31',0),(74,23,'1',11,11,'game2211','O','2017-01-18 11:42:43','2017-01-18 03:42:33',1),(75,23,'0',11,17,'game2022','X','2017-01-18 11:42:43','2017-01-18 03:42:43',0),(76,23,'0',11,17,'game2012','X','2017-01-18 11:42:56','2017-01-18 03:42:56',0),(77,23,'1',11,11,'game1221','O','2017-01-18 11:43:08','2017-01-18 03:43:01',1),(78,23,'0',11,17,'game1020','X','2017-01-18 11:43:08','2017-01-18 03:43:08',0),(79,23,'0',11,17,'game2220','X','2017-01-18 11:43:19','2017-01-18 03:43:19',0),(80,23,'1',11,11,'game0122','O','2017-01-19 02:00:27','2017-01-18 03:43:22',1),(81,23,'0',11,17,'game2200','X','2017-01-19 02:00:27','2017-01-18 18:00:27',0),(82,29,'0',18,11,'game2002','X','2017-01-19 02:15:53','2017-01-18 18:15:41',1),(83,29,'1',11,18,'game0210','O','2017-01-19 02:15:53','2017-01-18 18:15:53',1),(84,29,'0',18,11,'game1020','X','2017-01-19 02:16:07','2017-01-18 18:16:07',1),(85,29,'1',11,18,'game2011','O','2017-01-19 02:16:13','2017-01-18 18:16:11',1),(86,29,'0',18,11,'game1112','X','2017-01-19 02:16:25','2017-01-18 18:16:24',1),(87,29,'1',11,18,'game1220','O','2017-01-19 02:16:31','2017-01-18 18:16:29',1),(88,29,'0',11,11,'game2022','X','2017-01-19 02:17:58','2017-01-18 18:16:52',1),(89,29,'0',18,11,'game2020','X','2017-01-19 02:18:00','2017-01-18 18:17:12',1),(90,29,'1',11,18,'game2022','O','2017-01-19 02:17:59','2017-01-18 18:17:58',1),(91,29,'0',18,11,'game2200','X','2017-01-19 02:18:16','2017-01-18 18:18:14',1),(92,29,'1',11,18,'game0000','O','2017-01-19 02:18:20','2017-01-18 18:18:19',1),(93,29,'0',18,11,'game0002','X','2017-01-19 02:18:27','2017-01-18 18:18:26',1),(94,29,'1',11,18,'game0211','O','2017-01-19 02:18:35','2017-01-18 18:18:34',1),(95,29,'0',18,11,'game1111','X','2017-01-19 02:18:46','2017-01-18 18:18:45',1),(96,29,'1',11,18,'game1120','O','2017-01-19 02:19:01','2017-01-18 18:18:59',1),(97,29,'0',18,11,'game2000','X','2017-01-19 02:19:33','2017-01-18 18:19:32',1),(98,29,'1',11,18,'game0011','O','2017-01-19 02:19:38','2017-01-18 18:19:37',1),(99,29,'0',18,11,'game1110','X','2017-01-19 02:19:45','2017-01-18 18:19:44',1),(100,29,'1',11,18,'game1011','O','2017-01-19 02:19:56','2017-01-18 18:19:55',1),(101,29,'0',18,11,'game2001','X','2017-01-19 02:20:27','2017-01-18 18:20:26',1),(102,29,'1',11,18,'game0121','O','2017-01-19 02:20:32','2017-01-18 18:20:32',1),(103,29,'0',18,11,'game2122','X','2017-01-19 02:21:02','2017-01-18 18:21:01',1),(104,29,'1',11,18,'game2210','O','2017-01-19 02:21:12','2017-01-18 18:21:10',1),(105,29,'0',18,11,'game1022','X','2017-01-19 02:21:24','2017-01-18 18:21:23',1),(106,29,'1',11,18,'game2212','O','2017-01-19 02:21:29','2017-01-18 18:21:28',1),(107,29,'0',18,11,'game1221','X','2017-01-19 02:21:56','2017-01-18 18:21:55',1),(108,29,'1',11,18,'game2101','O','2017-01-19 02:22:07','2017-01-18 18:22:05',1),(109,29,'0',18,11,'game0112','X','2017-01-19 02:22:43','2017-01-18 18:22:42',1),(110,29,'1',11,18,'game1210','O','2017-01-19 02:22:48','2017-01-18 18:22:47',1),(111,29,'0',18,11,'game1021','X','2017-01-19 02:22:55','2017-01-18 18:22:54',1),(112,29,'1',11,18,'game2121','O','2017-01-19 02:23:04','2017-01-18 18:23:03',1),(113,29,'0',18,11,'game2100','X','2017-01-19 02:24:23','2017-01-18 18:24:21',1),(114,29,'1',11,18,'game0022','O','2017-01-19 02:24:33','2017-01-18 18:24:31',1),(115,29,'0',18,11,'game2211','X','2017-01-19 02:25:22','2017-01-18 18:25:20',1),(116,29,'1',11,18,'game0212','O','2017-01-19 02:25:32','2017-01-18 18:25:31',1),(117,29,'0',18,11,'game1222','X','2017-01-19 02:26:05','2017-01-18 18:26:03',1),(118,29,'1',11,18,'game2222','O','2017-01-19 02:26:13','2017-01-18 18:26:11',1),(119,29,'0',18,11,'game2201','X','2017-01-19 02:26:56','2017-01-18 18:26:55',1),(120,29,'1',11,18,'game0101','O','2017-01-19 02:27:04','2017-01-18 18:27:02',1),(121,29,'0',18,11,'game0111','X','2017-01-19 02:27:09','2017-01-18 18:27:08',1),(122,29,'1',11,18,'game1212','O','2017-01-19 02:27:45','2017-01-18 18:27:44',1),(123,29,'0',18,11,'game1211','X','2017-01-19 02:28:00','2017-01-18 18:27:58',1),(124,29,'1',11,18,'game0110','O','2017-01-19 02:28:40','2017-01-18 18:28:38',1),(125,29,'0',18,11,'game1201','X','2017-01-19 02:29:04','2017-01-18 18:29:04',1),(126,32,'0',11,11,'game1122','X','2017-01-20 04:23:17','2017-01-19 20:22:48',1),(127,32,'1',11,12,'game2200','O','2017-01-20 04:36:57','2017-01-19 20:36:57',0),(128,33,'0',11,11,'game1122','X','2017-01-20 04:40:35','2017-01-19 20:40:35',0),(129,34,'0',11,11,'game1122','X','2017-01-20 04:46:13','2017-01-19 20:46:00',1),(130,34,'1',11,12,'game2200','O','2017-01-20 04:46:12','2017-01-19 20:46:12',0);
/*!40000 ALTER TABLE `move` ENABLE KEYS */;
UNLOCK TABLES;

--
-- Table structure for table `player`
--

DROP TABLE IF EXISTS `player`;
/*!40101 SET @saved_cs_client     = @@character_set_client */;
/*!40101 SET character_set_client = utf8 */;
CREATE TABLE `player` (
  `id` int(15) NOT NULL AUTO_INCREMENT,
  `player` varchar(150) NOT NULL,
  `email` varchar(150) NOT NULL,
  `fb_id` varchar(100) NOT NULL,
  `photo` varchar(255) NOT NULL,
  `created` datetime DEFAULT NULL,
  `last_seen` timestamp NOT NULL DEFAULT CURRENT_TIMESTAMP ON UPDATE CURRENT_TIMESTAMP,
  `plays` int(15) NOT NULL DEFAULT '0',
  `losses` int(15) NOT NULL DEFAULT '0',
  `ties` int(15) NOT NULL DEFAULT '0',
  `wins` int(15) NOT NULL DEFAULT '0',
  `active` tinyint(1) DEFAULT '1',
  `bot` tinyint(1) NOT NULL DEFAULT '0',
  PRIMARY KEY (`id`),
  KEY `fb_id` (`fb_id`),
  KEY `last_seen` (`last_seen`),
  KEY `email` (`email`)
) ENGINE=MyISAM AUTO_INCREMENT=19 DEFAULT CHARSET=utf8;
/*!40101 SET character_set_client = @saved_cs_client */;

--
-- Dumping data for table `player`
--

LOCK TABLES `player` WRITE;
/*!40000 ALTER TABLE `player` DISABLE KEYS */;
INSERT INTO `player` VALUES (2,'Alfred E. Newman','anewman@gmail.com','2147483647','http://vignette4.wikia.nocookie.net/uncyclopedia/images/8/83/Alfred2.jpg/revision/latest?cb=20090330192126','2017-01-14 05:22:40','2017-01-18 04:57:58',23,8,2,13,1,1),(14,'Philip Fry','deliveryboy2000@aol.com','1234567890987654323','http://images1.tickld.com/live/avatars/pasher.jpeg','2017-01-15 11:22:56','2017-01-18 04:57:41',47,10,4,33,1,1),(12,'Homer Simpson','chunkylover53@yahoo.com','1234567890987654321','http://cdr2.com/img/homer.gif','2017-01-15 11:13:42','2017-01-18 04:57:41',22,10,2,10,1,1),(13,'Fred Flintstone','strikemfred@gmail.com','1234567890987654322','http://cdn7.staztic.com/app/a/2827/2827131/the-flintstones-tv-12-l-140x140.png','2017-01-15 11:18:05','2017-01-18 04:57:41',20,3,5,12,1,1),(11,'Christopher Robison','christopher.robison@gmail.com','10154870637385912','https://scontent.xx.fbcdn.net/v/t1.0-1/p50x50/14947649_10154648090715912_5048589998297290056_n.jpg?oh=71f59dd8b77ef4ef16fc159572a0a104&oe=59168AAD','2017-01-14 08:53:04','2017-01-16 03:44:02',50,3,5,42,1,0),(15,'Hubert Farnsworth','farnsworth@planetexpress.com','1234567890987654324','http://a.deviantart.net/avatars/f/a/farnsworthplz.gif?1','2017-01-15 11:22:56','2017-01-18 04:57:41',50,3,5,42,1,1),(16,'Hank Hill','propaneiac@aol.com','1234567890987654325','img/hankhill.gif','2017-01-15 11:22:56','2017-01-18 04:57:41',10,1,1,8,1,1),(17,'Daniel Kanaan','','10154668921695412','https://scontent.xx.fbcdn.net/v/t1.0-1/p50x50/15965090_10154663244365412_5551381910935283008_n.jpg?oh=4def50c2dc22733e8d4e1dfbf2211bec&oe=58DC605C','2017-01-17 13:24:17','2017-01-17 21:24:17',0,0,0,0,1,0),(18,'Antonio Cafaro','','10208156967268276','https://scontent.xx.fbcdn.net/v/t1.0-1/p50x50/14980651_10207600544918065_5723073790027944387_n.jpg?oh=a510acf5c292516ddabd39864eaf3a79&oe=5909AEB0','2017-01-18 18:14:00','2017-01-19 02:14:00',0,0,0,0,1,0);
/*!40000 ALTER TABLE `player` ENABLE KEYS */;
UNLOCK TABLES;

--
-- Dumping routines for database 'tictacwhoa'
--
/*!40103 SET TIME_ZONE=@OLD_TIME_ZONE */;

/*!40101 SET SQL_MODE=@OLD_SQL_MODE */;
/*!40014 SET FOREIGN_KEY_CHECKS=@OLD_FOREIGN_KEY_CHECKS */;
/*!40014 SET UNIQUE_CHECKS=@OLD_UNIQUE_CHECKS */;
/*!40101 SET CHARACTER_SET_CLIENT=@OLD_CHARACTER_SET_CLIENT */;
/*!40101 SET CHARACTER_SET_RESULTS=@OLD_CHARACTER_SET_RESULTS */;
/*!40101 SET COLLATION_CONNECTION=@OLD_COLLATION_CONNECTION */;
/*!40111 SET SQL_NOTES=@OLD_SQL_NOTES */;

-- Dump completed on 2017-01-20 17:24:11
